imdbID,ttrt fltr imdb users votes,ttrt fltr aged under 18 votes,ttrt fltr aged 18 29 votes,ttrt fltr aged 30 44 votes,ttrt fltr aged 45 plus votes,ttrt fltr males votes,ttrt fltr males aged under 18 votes,ttrt fltr males aged 18 29 votes,ttrt fltr males aged 30 44 votes,ttrt fltr males aged 45 plus votes,ttrt fltr females votes,ttrt fltr females aged under 18 votes,ttrt fltr females aged 18 29 votes,ttrt fltr females aged 30 44 votes,ttrt fltr females aged 45 plus votes,ttrt fltr top 1000 voters votes,ttrt fltr us users votes,ttrt fltr non us users votes,ttrt fltr imdb users rating,ttrt fltr aged under 18 rating,ttrt fltr aged 18 29 rating,ttrt fltr aged 30 44 rating,ttrt fltr aged 45 plus rating,ttrt fltr males rating,ttrt fltr males aged under 18 rating,ttrt fltr males aged 18 29 rating,ttrt fltr males aged 30 44 rating,ttrt fltr males aged 45 plus rating,ttrt fltr females rating,ttrt fltr females aged under 18 rating,ttrt fltr females aged 18 29 rating,ttrt fltr females aged 30 44 rating,ttrt fltr females aged 45 plus rating,ttrt fltr top 1000 voters rating,ttrt fltr us users rating,ttrt fltr non us users rating,10,9,8,7,6,5,4,3,2,1
0111161,2671289,1200,353241,1025801,275665,1476072,864,277029,848900,223051,295094,238,63558,160578,46297,898,567052,1676257,9.3,9.3,9.3,9.3,9.1,9.3,9.4,9.4,9.3,9.1,9.2,9.0,9.3,9.2,9.2,8.9,9.3,9.3,1470718,685049,312384,99214,29863,15472,7410,5492,5047,40640
0068646,1851333,817,224781,729435,214489,1073657,581,184846,626948,178750,166554,169,32037,91157,30902,894,418276,1164242,9.2,9.2,9.2,9.2,9.2,9.2,9.2,9.3,9.2,9.2,8.9,8.8,8.9,8.9,9.0,9.1,9.2,9.2,956744,459697,228307,89966,33987,18799,9616,7086,6625,40506
0468569,2644083,1410,371496,1064165,204012,1491723,1045,298096,889271,171712,267366,237,60215,158538,27865,931,622099,1649885,9.0,9.2,9.2,9.0,8.4,9.0,9.3,9.3,9.1,8.5,8.7,8.5,8.9,8.7,8.3,8.6,9.1,9.0,1198750,744760,400506,152935,54254,25542,12484,8849,8147,37856
0071562,1267672,492,148036,509335,159201,760387,326,125339,443502,134031,105741,127,18155,58157,21826,859,282748,807385,9.0,9.1,9.1,9.0,9.0,9.0,9.2,9.1,9.0,9.0,8.7,8.5,8.8,8.7,8.8,8.8,9.1,9.0,546145,363794,196485,78983,29408,14336,6930,4891,4370,22330
0050083,788999,413,111275,301619,88847,453931,319,90634,256566,74218,76906,65,17453,41159,12952,798,187879,510042,9.0,9.4,9.1,9.0,8.8,9.0,9.5,9.2,9.0,8.8,8.9,8.8,9.0,8.9,8.8,8.8,8.9,9.0,288872,255147,150045,53916,17420,7126,3265,2017,1714,9477
0108052,1352370,450,157947,544542,175875,758913,308,120465,440775,141861,171138,115,32668,95451,30244,854,291944,867261,9.0,9.2,9.1,9.0,8.8,9.0,9.3,9.1,9.0,8.8,9.0,9.2,9.0,9.0,8.9,8.8,9.0,8.9,508684,427111,244348,90364,29747,14372,6864,5031,4736,21113
0167260,1841037,668,243403,752842,189597,1041654,488,190378,612780,155286,221011,123,45703,128385,30323,907,396912,1173362,9.0,9.2,9.2,8.9,8.7,9.0,9.2,9.2,8.9,8.7,8.9,8.9,9.0,8.9,8.8,8.6,9.0,9.0,796239,483970,299202,128928,49077,24037,11785,8663,7083,32053
0110912,2046348,759,258071,805638,234176,1156139,541,199767,671461,194082,222457,154,48793,121545,35034,909,464760,1283903,8.9,9.0,8.9,8.9,8.8,8.9,9.1,9.0,9.0,8.8,8.5,8.7,8.6,8.5,8.4,8.7,8.9,8.9,743282,608069,379241,161027,58884,29955,15782,11488,9865,28755
0120737,1870333,682,243949,746186,206415,1038708,501,188041,601043,167973,232691,117,48419,133232,33905,923,406990,1184653,8.8,8.9,9.0,8.8,8.7,8.8,8.9,9.0,8.8,8.7,8.8,8.6,8.9,8.8,8.8,8.6,8.9,8.8,716172,516697,354175,147924,51889,25046,12066,9047,7533,29784
0060196,760973,271,86108,318207,114722,496001,207,75569,287960,100989,49565,49,8570,26420,11605,816,168982,492506,8.8,9.0,8.9,8.9,8.7,8.9,9.1,8.9,8.9,8.7,8.4,8.4,8.5,8.4,8.2,8.7,8.8,8.8,269662,219324,154644,66082,21072,9625,4377,2764,2258,11165
0109830,2071421,997,286264,774079,205496,1074770,678,208358,607951,162996,281111,230,66843,152505,37664,927,466049,1312221,8.8,8.9,8.9,8.9,8.5,8.8,9.0,8.9,8.9,8.5,8.7,8.4,8.8,8.7,8.6,8.3,8.8,8.8,709558,631960,429450,173267,58305,25748,13094,8455,6627,14957
0137523,2116821,919,287684,850858,191668,1164513,659,219721,691381,157857,252339,173,57703,145792,29546,895,451898,1362287,8.8,9.0,8.9,8.9,8.3,8.8,9.0,8.9,8.9,8.3,8.7,8.7,8.8,8.7,8.2,8.3,8.7,8.8,718128,652479,429730,176162,60512,27928,14197,9657,7716,20312
0167261,1662401,596,220171,674933,176689,935719,450,171612,546064,144045,204325,97,42041,118390,28978,905,358391,1064363,8.8,8.8,8.9,8.7,8.6,8.8,8.9,9.0,8.8,8.5,8.7,8.5,8.8,8.7,8.7,8.5,8.8,8.8,585822,468340,344912,143769,49128,22863,10498,7393,6322,23354
1375666,2343555,1042,357255,921292,185066,1273980,752,268620,738432,151987,296304,202,75876,166659,28625,909,471708,1545789,8.8,9.0,9.0,8.8,8.2,8.8,9.1,9.0,8.8,8.2,8.7,8.9,8.8,8.7,8.2,8.3,8.7,8.8,810092,713704,469851,198553,68424,29874,14870,9569,7742,20876
0080684,1289674,676,151498,494480,176863,757294,505,125117,424253,150518,116157,124,21869,63055,23005,903,346926,761781,8.7,8.8,8.7,8.7,8.8,8.8,9.0,8.7,8.7,8.8,8.5,8.2,8.5,8.4,8.6,8.6,9.0,8.6,439026,352907,279319,124592,41067,17680,7527,5164,4287,18105
0133093,1908120,819,220597,770776,221263,1088075,610,175674,642411,183572,201740,143,37735,115913,32869,917,426629,1211296,8.7,8.6,8.5,8.8,8.6,8.8,8.7,8.6,8.9,8.7,8.4,8.4,8.2,8.4,8.5,8.4,8.7,8.7,579704,571072,428906,188412,64019,28163,13798,9363,7123,17560
0099685,1158168,408,133828,467676,150370,702318,318,113783,411060,127260,91797,62,15592,49874,20043,868,298387,717121,8.7,9.0,8.7,8.7,8.6,8.7,9.0,8.7,8.7,8.7,8.4,8.8,8.4,8.3,8.4,8.5,8.9,8.6,329200,364647,284852,113241,33401,12672,5705,3576,2625,8249
0073486,1006765,264,121431,421209,141176,590090,202,93162,344596,115407,126641,45,24869,70924,22956,854,233823,638897,8.7,8.9,8.7,8.7,8.7,8.7,8.9,8.7,8.7,8.7,8.6,8.7,8.6,8.6,8.7,8.7,8.7,8.7,275627,321409,249510,100575,29857,11523,5153,2851,2138,8122
0114369,1647128,602,209644,658578,176249,915764,435,162684,536874,144123,193422,109,39291,111163,28246,907,349907,1087568,8.6,9.0,8.6,8.7,8.5,8.7,9.0,8.7,8.7,8.5,8.5,8.8,8.5,8.5,8.4,8.5,8.6,8.6,381947,555725,444753,179329,44858,16529,7526,4708,3546,8207
0047478,346412,110,31976,149478,59945,226288,82,28075,134586,52412,24151,24,3261,13298,6512,677,88570,210926,8.6,8.6,8.7,8.6,8.7,8.7,8.8,8.7,8.6,8.7,8.3,7.9,8.2,8.3,8.5,8.6,8.8,8.6,116083,88813,70378,34170,12760,6599,3408,2189,1979,10033
0038650,456810,161,48569,165640,89173,247284,110,35869,127527,69038,70673,45,11529,36048,18506,801,166667,233276,8.6,8.6,8.7,8.6,8.7,8.6,8.9,8.8,8.6,8.6,8.6,6.7,8.6,8.5,8.8,8.4,8.8,8.6,152710,112833,97122,49990,19016,9190,4365,2694,2203,6687
0102926,1429282,478,178899,550727,183795,778491,328,131978,439399,147446,190570,110,40946,102516,32301,910,341259,900012,8.6,8.7,8.6,8.6,8.6,8.6,8.8,8.6,8.6,8.6,8.6,8.6,8.6,8.6,8.7,8.7,8.7,8.6,335502,467462,400170,151985,40231,14469,6408,3676,2876,6503
0317248,756451,145,86736,376514,77033,493984,114,72290,325713,66677,70982,21,12160,45928,8948,722,134385,528288,8.6,8.8,8.7,8.7,8.4,8.6,9.1,8.7,8.7,8.4,8.4,6.9,8.5,8.5,8.3,8.1,8.7,8.6,202404,243927,187059,71435,21947,9418,4474,2738,2558,10491
0120815,1388290,450,164321,554915,171918,827213,340,137728,479412,145205,120390,73,21313,67015,23123,881,332731,869081,8.6,8.6,8.7,8.6,8.5,8.7,8.7,8.7,8.7,8.5,8.2,7.8,8.3,8.1,8.2,8.4,8.8,8.5,357204,434590,355660,147662,46496,18408,8751,5501,4171,9847
0118799,694366,211,88790,287926,81504,371220,147,61654,217883,65196,111675,45,23962,65013,14425,736,115509,491309,8.6,8.5,8.8,8.7,8.2,8.6,8.7,8.7,8.6,8.2,8.9,7.5,9.0,8.9,8.5,7.8,8.5,8.6,220377,209859,149453,62370,21979,10342,5335,3307,2964,8380
0816692,1819978,1080,292810,586000,134513,931126,794,228066,481880,112630,183040,183,52960,91718,18265,865,339035,1262411,8.6,9.0,8.9,8.6,8.1,8.6,9.1,9.0,8.6,8.1,8.4,8.6,8.7,8.4,7.9,8.0,8.5,8.7,665095,496961,347289,173264,65392,27769,13888,8577,6449,15294
0120689,1298379,487,159820,522786,147789,716118,355,121861,417892,117733,168525,93,32270,95870,26769,872,262060,870399,8.6,8.8,8.8,8.6,8.4,8.6,8.9,8.7,8.6,8.3,8.7,8.4,8.8,8.7,8.7,8.2,8.5,8.6,345353,403508,334348,136753,41823,15833,7336,4364,2867,6194
0076759,1362300,683,156631,521428,195789,794698,512,127528,443172,165611,130567,120,24447,70684,26475,925,370203,793707,8.6,8.5,8.5,8.5,8.8,8.6,8.6,8.5,8.6,8.8,8.4,7.9,8.3,8.3,8.7,8.6,8.8,8.5,423214,361641,317419,151371,49987,20767,8821,5942,4845,18293
0103064,1097279,370,105597,484154,148416,697122,294,92730,428678,127178,83045,54,10492,48774,18364,897,257373,691686,8.6,8.7,8.4,8.7,8.4,8.6,8.8,8.5,8.7,8.4,8.1,7.9,8.0,8.2,8.2,8.5,8.6,8.5,276767,301482,294600,140971,45296,17168,7324,3995,2786,6890
0088763,1202166,685,142400,466018,154448,673744,506,110263,383547,127413,136307,132,27435,74911,23787,912,303351,749763,8.5,8.7,8.5,8.6,8.5,8.6,8.8,8.5,8.6,8.5,8.4,8.4,8.4,8.4,8.4,8.5,8.7,8.5,308287,318055,333541,158744,48861,17117,6792,3482,2174,5113
0245429,761853,449,125860,289586,59649,379641,297,84187,218425,48026,124262,114,37308,66519,10306,699,153923,517582,8.6,8.7,8.7,8.5,8.3,8.5,8.8,8.6,8.5,8.3,8.7,8.5,8.8,8.7,8.5,8.1,8.6,8.5,236070,216515,171434,77140,26770,11571,5780,3436,2995,10142
0054215,671921,294,86127,259767,100633,373784,212,63475,206220,81625,93505,61,20182,50123,17227,875,175305,411354,8.5,8.8,8.6,8.5,8.5,8.5,8.9,8.7,8.5,8.5,8.4,8.2,8.5,8.4,8.5,8.7,8.7,8.5,161560,187201,182993,86370,28118,11006,4911,2680,1925,5157
0253474,830831,322,116060,345814,82283,454805,231,84560,272174,65875,119366,60,27550,68361,14728,750,142467,589727,8.5,8.8,8.7,8.5,8.3,8.5,8.9,8.7,8.5,8.3,8.7,8.5,8.8,8.7,8.5,8.2,8.5,8.5,193602,268873,228379,86729,24819,10244,5105,3115,2460,7505
6751668,797754,629,122542,219183,57369,350638,440,88999,175269,46065,81277,125,25178,37054,9242,663,168771,628629,8.5,8.9,8.8,8.4,8.1,8.5,9.0,8.8,8.4,8.1,8.5,8.5,8.8,8.4,8.2,8.1,8.7,8.5,197312,254454,207004,85218,26502,10199,4486,3132,2420,7027
0110413,1158859,392,144553,484753,134686,674086,270,108853,403107,113837,132854,87,30611,74221,18041,849,214287,803459,8.5,8.5,8.5,8.6,8.5,8.5,8.5,8.5,8.6,8.5,8.6,8.4,8.7,8.6,8.5,8.3,8.4,8.5,289197,357110,311377,132130,37983,13457,5886,3036,2211,6472
0110357,1056068,661,164310,428436,85388,543443,440,113629,320867,66221,177638,166,45365,100929,17390,842,254166,667978,8.5,8.5,8.7,8.6,7.9,8.4,8.5,8.6,8.5,7.8,8.8,8.4,8.9,8.9,8.3,8.0,8.6,8.5,307808,272803,271593,127311,41436,16264,6558,3662,2404,6229
0172495,1496840,420,174243,627610,173100,880195,309,142866,524919,143349,155915,77,25887,92642,26066,906,325504,966271,8.5,8.4,8.6,8.6,8.3,8.6,8.4,8.6,8.6,8.3,8.3,8.1,8.4,8.3,8.3,8.1,8.5,8.5,389397,443684,385092,170970,56649,22703,10219,6005,4107,8014
0120586,1121204,214,133083,525187,114458,684409,148,106598,435626,95427,129871,54,22790,81885,16766,830,238510,735512,8.5,8.7,8.6,8.6,8.2,8.5,8.7,8.6,8.6,8.2,8.6,8.2,8.7,8.6,8.4,8.0,8.5,8.5,243042,364203,322220,126770,34640,12134,5635,3117,2475,6968
0407887,1322552,340,167045,588533,131182,803391,270,138742,497641,108998,135263,51,23363,82932,19659,873,315317,857584,8.5,8.6,8.7,8.5,8.1,8.5,8.7,8.7,8.5,8.1,8.4,8.1,8.4,8.4,8.2,8.2,8.7,8.4,299835,420559,368616,148774,44295,16292,7241,4177,3360,9403
0114814,1084120,256,122248,457312,152509,665090,190,102438,393460,126940,103583,48,16725,57896,22567,847,254306,685305,8.5,8.3,8.5,8.5,8.5,8.5,8.4,8.5,8.5,8.5,8.4,7.7,8.3,8.4,8.6,8.2,8.5,8.5,265305,343603,284076,120656,36843,13984,6162,3474,2736,7281
0482571,1330193,446,197602,572166,108025,771135,357,155109,468197,89132,160759,61,36683,95909,16763,859,270829,906395,8.5,8.8,8.7,8.5,8.0,8.5,8.8,8.8,8.5,8.0,8.4,8.3,8.6,8.4,8.0,8.0,8.5,8.5,317079,419889,361366,153220,45024,15258,6546,3225,2339,6247
2582802,857259,475,155078,288829,61875,445835,350,118046,232533,50881,101860,87,31678,50720,9397,736,165739,620838,8.5,9.1,8.7,8.4,8.1,8.5,9.2,8.8,8.4,8.1,8.3,8.4,8.6,8.3,8.2,7.9,8.7,8.4,190256,274959,236100,99711,29596,10996,5518,3091,2243,4789
0034583,572067,159,56155,230349,107162,324126,113,41052,179936,86852,84540,37,13807,47692,18474,817,166157,324940,8.5,8.3,8.5,8.4,8.7,8.5,8.7,8.5,8.5,8.7,8.3,6.8,8.2,8.3,8.6,8.5,8.8,8.4,169781,139467,135016,70579,25871,11492,5410,3198,2671,8582
0056058,57632,54,7624,22498,8559,36187,36,6745,20373,7056,4172,16,711,1897,1375,413,13500,42077,8.6,8.6,8.7,8.6,8.5,8.6,9.3,8.7,8.6,8.5,8.3,7.0,8.2,8.4,8.3,8.2,8.8,8.6,15903,16499,13688,5635,1876,971,423,321,324,1992
0095327,277867,184,44471,109129,22499,147443,127,32508,86485,18202,38581,44,10680,21135,3870,558,53782,195734,8.5,8.7,8.6,8.5,8.3,8.5,8.7,8.6,8.4,8.2,8.6,8.2,8.7,8.6,8.4,8.1,8.5,8.5,83373,73622,64818,30346,10828,4954,2611,1478,1257,4580
1675434,856897,264,145514,333838,67573,453880,191,102837,255180,53853,133115,51,37210,71693,11891,648,78488,671571,8.5,8.4,8.6,8.5,8.2,8.5,8.6,8.6,8.5,8.2,8.7,7.5,8.8,8.7,8.6,7.7,8.4,8.5,223523,267215,222249,93215,27335,9739,4389,2485,1805,4942
0027977,243217,129,34530,95163,34969,146226,101,27889,80036,29458,26230,24,5855,13916,4855,651,46287,167595,8.5,8.4,8.5,8.5,8.5,8.5,8.4,8.6,8.5,8.5,8.4,7.9,8.4,8.5,8.4,8.4,8.5,8.5,62404,67342,63871,27518,9299,4361,2124,1204,1092,4002
0064116,330157,94,32257,139633,61192,221883,75,28519,127296,54662,20437,17,3117,10877,5515,754,68222,222049,8.5,8.5,8.4,8.5,8.5,8.5,8.6,8.5,8.5,8.5,8.0,8.0,7.9,8.0,8.1,8.3,8.4,8.5,89364,87651,80800,39906,14279,6551,3254,1954,1516,4882
0047396,492175,159,54913,196520,84956,284327,116,42139,158994,68184,65614,36,11491,35144,15316,811,135702,295490,8.5,8.7,8.5,8.4,8.6,8.5,9.0,8.5,8.4,8.5,8.5,7.7,8.4,8.4,8.7,8.6,8.7,8.4,114160,137213,137217,63966,20173,7896,3509,1957,1551,4533
0095765,261785,84,29886,104480,44744,149920,66,22279,82785,36269,37039,14,6811,20286,7663,611,48574,182895,8.5,8.8,8.6,8.5,8.4,8.5,9.1,8.6,8.4,8.4,8.6,7.3,8.6,8.6,8.6,7.9,8.5,8.5,72654,71091,64187,29930,10764,4984,2400,1242,1135,3398
0078748,881720,308,88803,353049,144721,538340,239,73553,304784,123908,79936,55,12974,43498,18200,903,220959,551186,8.5,8.5,8.3,8.4,8.7,8.5,8.6,8.3,8.5,8.7,8.2,7.9,8.0,8.1,8.5,8.6,8.6,8.4,200095,247477,248983,117976,36753,13784,6056,3328,2309,4959
0021749,185443,95,25465,73724,28815,113348,71,20905,62414,23817,20064,20,4082,10516,4501,637,41236,122204,8.5,8.2,8.6,8.5,8.5,8.5,8.3,8.6,8.5,8.5,8.4,7.1,8.5,8.5,8.4,8.3,8.6,8.5,51350,47717,46181,21183,7508,3744,2050,1107,1064,3539
0078788,667439,159,63470,276623,116568,429202,129,55295,247701,101930,46941,25,6588,25431,12508,837,167730,412004,8.5,8.9,8.5,8.4,8.5,8.5,8.9,8.6,8.4,8.5,8.1,8.4,8.2,8.1,8.2,8.5,8.5,8.4,176006,176992,160771,84262,32964,14714,7336,4401,3184,6809
0209144,1236365,379,159044,541319,135606,736291,294,126029,449766,112790,142215,63,28647,84309,20107,858,271261,805087,8.4,8.7,8.6,8.5,8.2,8.5,8.9,8.6,8.5,8.3,8.2,8.1,8.3,8.2,8.1,8.2,8.5,8.4,271071,368712,341929,154857,49405,19912,9376,5563,4292,11248
0082971,965076,361,96904,384772,165277,585705,278,80814,329439,138024,93691,63,13565,50217,24164,916,276870,556092,8.4,8.3,8.3,8.4,8.7,8.5,8.4,8.3,8.4,8.7,8.2,8.1,8.0,8.1,8.6,8.6,8.8,8.3,228499,259940,272510,131392,39661,14413,6039,3669,2680,6273
1853728,1548729,580,236789,584904,132095,866024,459,188236,478402,109864,173038,81,40582,96083,19306,852,308275,1042227,8.4,8.8,8.7,8.4,8.1,8.4,8.8,8.7,8.4,8.1,8.4,8.8,8.5,8.3,8.1,8.0,8.4,8.4,330670,490246,439821,180799,54960,20511,9777,5966,4639,11340
0910970,1114107,666,164476,472251,101352,624864,489,121121,374973,83584,157709,128,38693,91237,15926,830,247913,732508,8.4,8.7,8.5,8.5,8.2,8.4,8.7,8.5,8.5,8.2,8.5,8.3,8.4,8.5,8.3,8.2,8.4,8.4,271917,304308,295225,144634,49127,19092,8998,5556,4044,11206
0405094,390421,74,42601,188795,54200,244793,55,33428,154153,44833,51726,16,8296,32378,8427,619,57565,295064,8.4,8.0,8.4,8.4,8.5,8.4,8.3,8.4,8.4,8.4,8.6,7.3,8.5,8.6,8.7,8.0,8.5,8.4,79821,123222,113021,46010,13406,5329,2637,1378,1115,4482
0043014,222787,83,23618,90373,42285,131395,60,18485,73392,33789,29851,20,4688,16015,7804,679,66954,128206,8.4,8.8,8.5,8.4,8.5,8.4,8.9,8.5,8.4,8.5,8.5,7.8,8.4,8.4,8.6,8.4,8.6,8.3,54986,54844,57939,29785,11207,5213,2573,1382,1126,3732
0050825,198233,112,23590,79932,34105,129812,89,20910,72597,30308,12421,19,2232,6474,3255,679,48073,127132,8.4,8.7,8.5,8.4,8.4,8.4,8.9,8.6,8.4,8.4,8.1,7.8,8.3,8.1,8.2,8.3,8.6,8.4,42680,54485,55817,25997,8426,3728,1852,1150,998,3100
0081505,1020893,495,136118,400665,122705,562815,351,100442,322191,100732,132634,100,30931,72432,19608,892,252590,652774,8.4,8.7,8.4,8.4,8.4,8.4,8.7,8.4,8.4,8.4,8.3,8.5,8.2,8.3,8.4,8.4,8.5,8.3,230075,281749,277298,136518,48725,19972,9456,5581,3880,7639
0032553,224707,90,28984,93002,34870,140868,65,23902,79581,29602,22790,22,4567,12386,4664,677,40443,157206,8.4,8.4,8.5,8.4,8.4,8.4,8.5,8.5,8.4,8.4,8.5,7.9,8.5,8.5,8.4,8.2,8.4,8.4,55720,59948,58610,27319,10104,4750,2294,1427,999,3536
4154756,1076294,1160,177313,284517,71828,511444,863,138901,236182,59345,90412,189,27373,39812,10240,764,266961,776919,8.4,8.7,8.6,8.3,8.1,8.4,8.8,8.6,8.3,8.0,8.4,8.5,8.5,8.3,8.2,7.8,8.6,8.4,355052,276117,233098,113652,42674,16795,7534,4914,4185,22273
0051201,126228,47,13739,47484,24740,75029,33,11312,40034,20016,14215,14,2176,6983,4338,627,30221,82241,8.4,8.3,8.6,8.4,8.4,8.4,8.9,8.6,8.4,8.3,8.5,7.0,8.5,8.4,8.5,8.2,8.5,8.4,24764,35758,37838,15718,4922,2571,1300,634,637,2086
0090605,717755,202,61447,302292,129177,458305,151,52684,266151,111566,58915,43,7522,32441,15479,867,183940,439561,8.4,8.4,8.2,8.4,8.5,8.4,8.6,8.2,8.4,8.5,8.1,7.5,8.0,8.1,8.4,8.4,8.5,8.3,165565,185531,201591,101737,33939,13194,5756,3065,2303,5074
4633694,527070,841,88384,139126,33289,247723,646,69668,118506,28301,38135,131,12624,16596,3913,654,149082,377309,8.4,8.8,8.6,8.2,8.0,8.3,8.8,8.6,8.2,7.9,8.5,8.8,8.6,8.4,8.2,7.7,8.6,8.3,132548,151254,139444,62650,19191,6723,2785,1790,1831,8854
0169547,1154266,235,131651,516566,151019,658505,161,93407,403455,122262,177644,55,34614,106126,25983,859,268001,728473,8.4,8.7,8.5,8.4,8.2,8.4,8.8,8.6,8.4,8.2,8.1,8.3,8.2,8.1,8.0,8.2,8.4,8.3,250994,311897,315288,157782,56119,23704,11613,7324,5799,13746
0057012,491766,160,49788,207276,84607,311767,127,42105,181296,73815,41538,26,6632,23690,9355,778,140447,283021,8.4,8.4,8.4,8.4,8.4,8.4,8.5,8.4,8.4,8.4,8.1,8.1,8.1,8.1,8.1,8.2,8.6,8.3,135395,122436,114187,61959,25014,11873,5529,3316,2564,9493
1345836,1701085,711,273194,677881,128700,1000562,569,223245,571446,109410,169957,76,42450,95499,16508,881,359800,1077974,8.4,8.3,8.6,8.4,7.9,8.4,8.3,8.6,8.4,7.9,8.4,7.5,8.6,8.4,8.0,7.8,8.4,8.4,471138,462480,423868,201872,72317,27972,13298,7650,5692,14798
0364569,579561,147,76517,270883,52966,364518,118,62950,233388,45955,55316,19,11598,34165,6113,683,103505,419425,8.4,8.7,8.5,8.4,8.0,8.4,8.8,8.5,8.4,8.0,8.2,7.7,8.3,8.2,7.9,7.8,8.4,8.3,136032,166288,149740,69142,25459,11448,5996,3622,2917,8917
0086879,401904,93,42287,159946,77470,232014,68,31498,125877,62169,59120,17,9819,32074,13969,724,103915,244345,8.4,8.7,8.5,8.3,8.3,8.3,8.8,8.5,8.3,8.3,8.4,8.2,8.3,8.3,8.5,8.1,8.5,8.3,90400,102427,113330,58049,19345,7898,3638,1916,1326,3575
0361748,1444788,536,202751,595262,133325,829790,399,159299,490204,112834,161603,88,36215,95632,17729,873,304169,987948,8.3,8.7,8.6,8.4,7.9,8.3,8.8,8.6,8.4,7.9,8.3,8.2,8.5,8.3,8.0,7.8,8.4,8.3,288778,421664,414043,185241,63238,26020,13390,8761,6477,17176
7286456,1276357,1198,190847,343981,89125,567245,836,141400,277558,72793,114992,217,33737,53683,12948,766,279704,996069,8.4,8.6,8.5,8.3,8.1,8.3,8.6,8.5,8.3,8.0,8.4,8.4,8.5,8.4,8.2,7.9,8.2,8.4,376111,342527,290429,143964,56567,23644,11488,7247,5925,18455
2380307,506859,658,83873,151329,33796,226306,429,57289,115276,26878,70464,174,22451,32601,6035,629,122215,371011,8.4,8.4,8.5,8.3,8.1,8.3,8.4,8.5,8.2,8.1,8.6,8.3,8.7,8.5,8.4,7.7,8.4,8.3,125598,135918,142082,67559,20703,6488,2492,1317,964,3738
0114709,992527,702,151008,388670,96702,536825,500,111691,306671,77866,139200,158,34858,76540,17114,846,251082,616195,8.3,8.3,8.5,8.3,8.2,8.3,8.4,8.5,8.3,8.2,8.3,8.0,8.3,8.2,8.3,8.2,8.6,8.2,202588,244660,315443,149151,45729,16865,6557,3535,2442,5557
0112573,1037186,188,98117,468722,142349,637712,136,81452,395017,118212,111069,39,14527,67561,21658,853,239572,644584,8.4,8.1,8.3,8.4,8.2,8.4,8.4,8.3,8.5,8.2,8.1,7.0,8.0,8.1,8.0,8.0,8.5,8.3,258546,265594,272093,139819,50073,21052,9861,6027,4338,9783
0082096,251893,51,17748,99526,60811,168599,40,15583,90583,54355,16010,11,1867,7957,5519,673,50555,167277,8.4,8.2,8.3,8.3,8.5,8.4,8.4,8.3,8.4,8.5,8.1,7.2,7.9,8.0,8.3,8.1,8.4,8.3,56360,70088,68790,32397,10948,4974,2403,1387,1032,3514
4154796,1125052,1649,170362,279247,77330,489552,1133,128254,228029,62732,88937,355,25493,39792,11363,748,294570,830062,8.4,8.7,8.6,8.3,8.1,8.3,8.7,8.5,8.2,8.0,8.5,8.2,8.7,8.4,8.4,7.7,8.6,8.3,393491,249890,224896,124827,53027,23627,10764,7223,5748,31559
0119698,395197,177,56251,167010,35280,214197,117,39871,131378,28997,57699,49,14766,33263,5605,609,85467,264022,8.4,8.6,8.4,8.3,8.1,8.3,8.8,8.5,8.3,8.1,8.3,8.0,8.4,8.3,8.2,7.9,8.4,8.3,100038,105405,103157,50960,17130,6968,3237,1750,1470,5082
0087843,352847,97,33466,148844,62801,230013,76,29063,133338,54827,25516,18,3626,13673,6905,735,60984,250382,8.3,8.8,8.5,8.3,8.3,8.4,8.9,8.5,8.3,8.3,8.1,8.2,8.2,8.0,8.1,8.1,8.1,8.4,86823,90653,93452,46229,16769,7493,3693,2243,1754,3738
0119217,967458,296,128676,393271,111364,540367,205,97442,315231,89081,129135,63,27215,72414,20178,850,242319,611414,8.3,8.4,8.5,8.3,8.1,8.3,8.6,8.5,8.3,8.1,8.3,7.6,8.4,8.2,8.2,7.8,8.5,8.3,189275,267740,307894,135299,38110,13215,5797,3070,2241,4817
5311514,268793,375,52525,64763,10963,115534,266,39085,52107,9118,27898,76,11268,11314,1545,445,44655,210351,8.4,8.6,8.5,8.2,7.9,8.3,8.6,8.5,8.2,7.9,8.4,8.5,8.5,8.2,8.0,7.5,8.4,8.3,80767,68181,64395,32987,11117,4138,1797,1025,817,3569
1745960,446696,532,44241,113593,45028,191927,387,35678,96078,36840,30826,98,5764,14284,6749,405,129458,316754,8.4,8.6,8.5,8.3,8.2,8.3,8.7,8.4,8.3,8.1,8.4,7.9,8.4,8.3,8.5,7.7,8.6,8.3,137718,124307,106644,48307,15405,5424,2364,1546,1191,3790
0180093,841860,215,112633,400812,73754,488525,139,80549,318959,60817,124608,56,28893,76604,11572,772,175621,563769,8.3,8.7,8.4,8.3,8.0,8.3,8.9,8.4,8.4,8.0,8.3,8.1,8.4,8.3,8.0,7.8,8.3,8.3,195157,225583,218229,109228,41908,18914,9989,6418,4966,11468
1187043,400957,224,78758,141588,15414,220465,180,65415,120826,12703,37200,33,11873,19137,2415,396,47463,286442,8.4,8.5,8.7,8.3,7.4,8.3,8.8,8.7,8.3,7.4,8.4,5.5,8.6,8.3,7.6,6.6,8.3,8.4,149632,100325,74355,35702,13793,7052,3834,2736,2369,11159
0045152,243411,111,27658,91516,47053,124351,71,18059,64288,35718,48503,32,8953,26175,10603,719,77189,135312,8.3,8.3,8.4,8.3,8.3,8.3,8.8,8.4,8.2,8.3,8.5,6.7,8.4,8.5,8.6,8.1,8.5,8.2,60991,54861,63487,35292,13647,6058,2917,1543,1128,3487
0435761,835754,608,141862,345775,70587,473131,449,105991,274969,57476,119081,120,32126,66122,11820,787,204680,533236,8.3,8.3,8.4,8.4,8.2,8.3,8.4,8.4,8.4,8.1,8.3,7.7,8.2,8.4,8.2,8.1,8.5,8.2,179203,199262,236164,133626,47181,17791,7454,4205,3086,7782
0057565,45570,42,5450,17963,8561,29423,26,4823,16199,7020,3648,15,507,1577,1423,416,13573,29021,8.4,8.5,8.6,8.4,8.3,8.4,9.0,8.6,8.4,8.3,8.1,6.9,8.3,8.1,8.1,7.9,8.6,8.4,9776,12306,12766,5429,1782,818,394,370,479,1450
0086190,1052609,561,126849,406123,140800,618566,423,104540,347271,120214,96745,98,18701,53154,18144,900,280914,631889,8.3,8.3,8.2,8.3,8.2,8.3,8.4,8.2,8.3,8.2,8.3,7.9,8.3,8.3,8.3,8.1,8.4,8.2,233195,261203,309461,153827,50483,18560,7531,4737,3481,10131
8267604,90323,56,14188,30625,8777,45755,35,10309,24219,7014,11636,18,3185,5658,1544,342,11071,79090,8.4,7.4,8.5,8.3,8.2,8.3,8.0,8.4,8.3,8.2,8.7,5.8,8.8,8.7,8.6,7.4,8.3,8.4,22556,26105,24855,9879,2907,1270,580,373,359,1439
0062622,669099,266,75674,259088,109874,410079,211,63154,226527,95752,55018,40,10498,29180,12191,852,167094,414543,8.3,8.7,8.4,8.2,8.3,8.3,8.7,8.5,8.3,8.3,7.9,9.0,8.1,7.8,7.8,8.0,8.4,8.2,201933,144652,138068,81034,39998,21762,12228,9029,6800,13595
0338013,1006836,297,134306,462109,98921,557330,203,93048,352055,79143,170036,67,37257,103884,18042,827,224242,667385,8.3,8.6,8.4,8.4,7.9,8.3,8.7,8.4,8.3,7.9,8.3,8.1,8.3,8.4,7.9,7.7,8.4,8.2,234947,264787,262943,136201,51448,21974,10955,6707,4940,11934
0105236,1017068,327,125626,426668,121034,619909,258,104607,369243,104115,89253,52,17196,51702,14687,854,237545,654183,8.3,8.5,8.3,8.3,8.2,8.3,8.5,8.4,8.3,8.2,8.1,8.2,8.2,8.1,8.1,8.1,8.3,8.3,177808,287696,319708,146320,44736,16690,7794,4690,3704,7922
2106476,331018,127,53616,138265,31275,191773,92,41654,110871,25497,43966,21,10476,25247,5147,578,41398,265571,8.3,8.7,8.5,8.3,8.1,8.3,8.7,8.5,8.3,8.1,8.3,8.6,8.3,8.2,8.2,8.0,8.3,8.3,51879,97109,112077,46183,12422,4657,2236,1155,982,2318
0091251,80775,82,10674,28972,12075,48312,60,9273,25874,10344,5769,21,1113,2776,1552,451,16587,57464,8.4,8.9,8.6,8.3,8.1,8.3,9.0,8.6,8.3,8.1,8.3,8.7,8.4,8.2,8.2,7.7,8.5,8.3,22856,18182,19185,9746,3859,2059,1056,751,627,2454
0033467,442965,149,45421,178313,79519,266896,117,37073,150393,66701,46956,26,7329,25882,11518,780,132147,246980,8.3,8.6,8.4,8.2,8.4,8.3,8.6,8.4,8.2,8.4,8.0,8.4,8.0,8.0,8.2,8.4,8.5,8.2,123689,95230,101068,59268,26371,13593,6935,4509,3501,8801
0022100,158878,59,16876,67020,28837,98827,42,13797,56925,24082,17196,16,2784,9386,4323,623,42541,96480,8.3,8.3,8.2,8.3,8.4,8.3,8.8,8.3,8.3,8.4,8.2,7.2,8.1,8.2,8.4,8.3,8.5,8.2,34659,39081,42250,21769,8446,4125,2175,1254,1007,4112
0056172,294801,76,25027,114309,65785,186480,54,21694,99947,55688,26254,18,2884,13099,9061,728,79635,174897,8.3,8.3,8.4,8.2,8.4,8.3,8.5,8.4,8.2,8.4,8.0,7.1,7.9,7.8,8.3,8.2,8.6,8.2,75889,66799,72160,40698,16484,7586,3921,2243,1784,7237
0053125,329008,98,29793,129631,69790,200783,80,24335,109433,57951,36012,17,4845,18763,10747,760,98653,185416,8.3,8.5,8.2,8.2,8.5,8.3,8.7,8.2,8.2,8.5,8.2,6.8,8.0,8.1,8.5,8.4,8.5,8.2,66541,83386,96898,50027,16388,6638,2945,1610,1235,3340
0052357,403256,139,47851,157157,69169,234376,106,36894,128382,56699,50895,31,9817,26871,11349,790,105955,248609,8.3,8.8,8.3,8.2,8.3,8.3,8.9,8.4,8.2,8.3,8.2,7.7,8.2,8.1,8.3,8.3,8.4,8.2,90154,97169,112155,61368,21973,9149,3990,2255,1474,3569
0211915,757160,149,91242,346554,95064,400998,83,55541,247722,75946,154087,52,33263,93956,17246,740,126955,527851,8.3,8.3,8.2,8.3,8.3,8.3,8.4,8.1,8.3,8.3,8.5,8.1,8.4,8.6,8.4,7.9,8.3,8.3,191909,189402,186692,102085,38795,17160,8830,5461,4212,12614
0066921,830036,255,101373,355111,107264,488845,179,76483,291508,91421,100585,54,21853,58699,13915,842,190546,530876,8.3,8.9,8.4,8.3,8.1,8.3,9.0,8.5,8.3,8.1,8.1,8.2,8.3,8.1,7.7,8.0,8.3,8.3,201175,208011,204278,110333,44940,21534,11572,7851,6223,14119
0053604,182506,54,17658,73349,37091,106800,37,13611,58590,29787,25628,16,3726,13982,6719,668,49166,112091,8.3,7.8,8.5,8.3,8.2,8.3,8.6,8.5,8.3,8.2,8.1,6.2,8.2,8.1,8.2,8.0,8.4,8.3,36206,44299,55006,27693,9160,3923,1934,959,819,2507
0044741,79269,45,8810,32177,13477,49261,29,7612,28428,11097,6955,14,1030,3447,2202,474,21381,47168,8.3,8.2,8.5,8.3,8.3,8.3,8.7,8.5,8.3,8.3,8.2,7.3,8.3,8.1,8.3,7.8,8.6,8.3,20229,17809,19758,10074,3803,2065,1050,659,856,2966
0036775,158277,51,15821,62807,32874,95930,37,12673,52589,26774,18845,12,2868,9589,5592,641,51432,86593,8.3,8.7,8.3,8.3,8.4,8.3,9.2,8.3,8.3,8.4,8.1,7.0,8.0,8.0,8.3,8.3,8.5,8.2,30877,38147,47071,23796,7965,3695,1991,959,900,2876
0093058,743025,215,82928,315175,104377,475371,178,71949,281045,91773,52542,28,8770,29910,10788,840,187365,465100,8.3,8.3,8.2,8.3,8.2,8.3,8.3,8.3,8.3,8.3,8.1,8.6,8.1,8.1,8.1,8.3,8.3,8.2,122271,204589,243911,113504,33291,11798,4949,2863,1821,4028
8503618,94998,165,12806,26435,10320,38893,92,8507,19366,7170,14813,52,3638,6499,2901,309,42756,52203,8.4,8.2,8.5,8.3,8.0,8.1,8.2,8.4,8.1,7.7,8.9,8.2,8.9,8.9,9.0,7.2,8.6,8.2,33492,21534,16996,8673,3997,2278,1311,1025,1275,4417
0086250,840475,271,100219,366901,93280,527542,208,84921,325988,80620,63368,44,12054,36111,10993,822,183583,558598,8.3,8.7,8.4,8.3,8.0,8.3,8.7,8.4,8.3,8.1,8.0,8.5,8.1,8.0,7.9,8.0,8.1,8.3,182727,216362,247525,120147,39626,14665,6934,4041,2624,5824
0056592,317568,74,36752,127188,58152,179659,51,26923,99287,44622,51205,20,9172,26631,12657,725,115748,159478,8.3,7.8,8.2,8.2,8.5,8.2,8.0,8.2,8.2,8.5,8.4,7.0,8.2,8.3,8.9,8.3,8.5,8.1,69902,76756,89488,47500,16856,7160,3094,1681,1293,3838
0070735,263300,59,20610,100381,63775,166884,42,17367,87601,53984,24484,14,2859,11662,8761,716,76295,152880,8.3,8.1,8.3,8.2,8.3,8.3,8.2,8.3,8.2,8.3,8.2,7.4,8.1,8.1,8.4,8.0,8.4,8.2,48784,69672,82628,39378,11752,4540,2161,1097,969,2319
1255953,178630,56,26220,75474,20764,105800,42,20774,61238,16980,22755,11,4671,13107,3388,497,23729,141821,8.3,8.0,8.5,8.2,8.1,8.2,8.4,8.4,8.2,8.1,8.4,5.9,8.6,8.4,8.3,7.4,8.3,8.3,34112,51209,54324,23084,7111,3030,1468,1000,875,2417
1049413,1042565,655,169206,425282,87882,554905,466,118146,323550,70412,171714,146,46181,95676,15841,820,233859,685519,8.3,8.5,8.3,8.3,8.1,8.2,8.5,8.3,8.2,8.1,8.4,8.1,8.4,8.5,8.3,8.0,8.4,8.2,204748,268101,315145,163408,53554,18179,7293,3780,2684,5673
0113277,654892,157,60765,290649,100383,433190,124,54417,264903,87931,39855,24,4807,22207,10655,831,145506,433913,8.3,8.3,8.3,8.3,8.1,8.3,8.4,8.3,8.3,8.2,7.9,7.7,8.0,7.8,7.9,8.0,8.3,8.2,130680,165131,200681,101294,32631,11742,4636,2495,1667,3935
0075314,831836,416,109524,333381,99329,495999,338,89907,288622,85208,73327,54,16159,40348,12285,838,186133,552462,8.2,8.7,8.3,8.2,8.3,8.3,8.8,8.3,8.2,8.3,8.0,8.5,8.0,8.0,8.0,8.3,8.4,8.2,172150,207953,234864,128539,47085,18830,8228,4750,3265,6172
1832382,245932,61,30617,116398,22846,145417,47,24294,94074,18296,33180,12,5827,21151,4166,504,34485,177309,8.3,8.0,8.5,8.3,8.1,8.3,8.6,8.5,8.3,8.1,8.2,5.5,8.2,8.2,8.1,7.5,8.4,8.3,72157,57239,60870,30619,10150,4764,2322,1277,1130,5404
0017136,175260,56,18226,72505,33298,106225,39,14097,59527,27941,21692,15,3751,12108,4868,651,44662,108112,8.3,8.2,8.3,8.2,8.3,8.3,8.3,8.4,8.2,8.3,8.3,8.0,8.2,8.3,8.4,8.2,8.4,8.2,41633,40332,44620,24066,9904,5158,2688,1708,1255,3896
0119488,583907,105,55144,257786,101810,377800,77,47965,225692,85147,52655,21,6077,29217,14950,804,139777,369569,8.2,8.2,8.3,8.3,8.2,8.3,8.4,8.3,8.3,8.2,8.0,7.1,8.0,8.0,8.1,8.2,8.4,8.2,93862,156422,190349,92198,28334,10344,4551,2379,1643,3825
0095016,876943,255,87762,380809,130001,552663,197,74939,332360,109814,77373,42,10864,43692,17792,896,225088,542055,8.2,8.3,8.2,8.2,8.3,8.3,8.4,8.2,8.3,8.3,7.9,7.7,7.9,7.9,8.1,8.4,8.5,8.2,158491,205759,286407,149979,44924,15304,6125,3217,2100,4637
0208092,856109,162,96954,410419,94822,552086,125,81944,354833,81436,79246,27,12711,50393,11639,806,162533,590053,8.2,8.2,8.2,8.3,8.0,8.3,8.1,8.3,8.3,8.0,8.1,8.5,8.1,8.1,7.9,7.4,8.2,8.3,165436,233868,263974,121573,38245,14131,6484,3556,2685,6157
0040522,164441,65,21516,68687,24642,100528,44,17324,57674,20614,18660,20,3770,10327,3644,597,37404,108599,8.3,8.0,8.3,8.2,8.3,8.3,8.3,8.3,8.2,8.3,8.2,7.3,8.2,8.2,8.3,8.1,8.3,8.2,35986,39854,45049,23562,8714,4418,2031,1145,974,2708
0097576,754893,247,75632,313162,120631,463065,184,63256,268341,101592,72736,50,10555,40722,16963,883,206106,449165,8.2,8.2,8.2,8.3,8.1,8.3,8.3,8.2,8.3,8.1,8.1,7.8,8.0,8.1,8.1,8.1,8.4,8.2,137248,183987,244558,123053,37361,13128,5309,3229,2381,4639
0986264,194259,123,35955,71245,8885,108472,98,30043,61158,7046,18256,21,5274,9420,1684,327,24530,142033,8.4,8.1,8.6,8.3,7.5,8.3,8.2,8.6,8.3,7.4,8.3,6.6,8.5,8.3,7.7,6.6,8.2,8.3,62675,50433,41729,19608,6886,3406,1901,1107,1085,5429
8579674,587388,523,86411,170703,55041,293358,396,68314,145045,46820,45019,89,12565,20846,6447,666,130298,456902,8.2,8.5,8.4,8.2,8.1,8.2,8.5,8.4,8.2,8.1,8.3,8.4,8.4,8.2,8.2,8.0,8.4,8.2,101231,167352,186323,88029,26384,8620,3369,1889,1221,2970
0363163,356792,81,38600,173629,50622,242887,63,33042,152931,44704,30347,14,4899,18901,5181,658,49898,268084,8.2,8.0,8.3,8.2,8.3,8.3,8.2,8.3,8.2,8.3,8.1,7.2,8.2,8.1,8.2,8.1,8.4,8.2,61116,94376,117955,53886,15179,5593,2567,1262,1025,3833
0059578,257797,99,27179,104064,46399,172495,81,24562,96360,41770,13276,14,2049,6666,3916,729,57337,172225,8.2,8.5,8.3,8.3,8.1,8.3,8.5,8.4,8.3,8.1,7.9,8.6,8.1,8.0,7.8,8.0,8.2,8.2,42414,67591,89434,38709,10403,3868,1717,866,631,2164
5074352,191983,143,33885,53909,7368,96604,117,29168,46618,6046,13651,18,3928,6532,1163,301,28487,143908,8.3,8.1,8.5,8.2,7.7,8.3,8.3,8.5,8.2,7.7,8.4,6.3,8.6,8.4,8.0,6.7,8.3,8.3,58750,46847,45539,20840,6592,3123,1669,926,1021,6676
0372784,1468133,674,203856,617545,131256,874427,556,167672,526143,112097,139907,72,30302,82904,16776,908,346511,937371,8.2,8.1,8.3,8.3,8.1,8.3,8.2,8.3,8.3,8.1,8.1,7.7,8.1,8.0,8.0,8.0,8.3,8.2,267151,374044,487253,225753,62552,21029,8842,4691,3762,13056
0012349,127185,75,18342,49927,18958,76928,54,14920,42095,15713,14107,18,3064,7340,2929,608,25852,87493,8.3,8.1,8.3,8.2,8.3,8.2,8.0,8.3,8.2,8.2,8.4,7.9,8.4,8.4,8.4,8.0,8.2,8.3,26648,29906,38895,18047,5966,2851,1444,645,711,2072
0053291,268276,71,26732,105903,55144,142947,48,17428,76109,42797,51359,19,8738,28545,11451,734,69982,163075,8.2,8.4,8.3,8.2,8.3,8.2,8.7,8.3,8.1,8.3,8.4,6.9,8.4,8.4,8.5,8.2,8.3,8.2,58737,60087,75624,43043,15675,6460,2814,1583,1361,2892
10272386,153710,138,21981,47668,16372,76368,103,17197,38938,13139,15554,26,3676,7532,2753,409,24830,128828,8.2,8.1,8.4,8.2,8.1,8.2,8.3,8.4,8.2,8.0,8.3,7.1,8.4,8.3,8.3,7.8,8.3,8.2,27458,43388,50290,21671,6213,2074,803,537,399,877
0042192,132134,40,11742,50148,31223,70988,25,8344,37044,22904,24762,15,3205,12592,7864,647,42068,71663,8.2,8.0,8.2,8.2,8.4,8.2,8.6,8.2,8.1,8.3,8.5,7.1,8.4,8.4,8.7,7.9,8.4,8.2,30144,29145,35728,19572,7331,3814,1939,1081,786,2594
6966692,490969,281,73128,157172,48734,241006,202,53182,123930,38131,58597,49,14780,28283,8923,637,87721,403011,8.2,8.0,8.3,8.1,8.2,8.2,8.2,8.2,8.1,8.1,8.4,6.8,8.4,8.3,8.4,7.7,8.1,8.2,84586,138999,164573,69962,18992,6438,2581,1294,947,2597
0993846,1404139,651,237330,485484,100413,734531,493,181924,391483,82528,162184,105,46174,84150,15347,811,265575,979255,8.2,8.5,8.4,8.2,7.8,8.2,8.6,8.5,8.2,7.8,7.8,7.5,7.9,7.8,7.5,7.8,8.2,8.2,266986,375747,417870,205122,70071,27307,12786,8478,6235,13537
0055031,78309,21,6750,29688,19371,49555,13,5698,25753,16035,8050,8,938,3655,3083,576,20679,47762,8.3,7.1,8.4,8.3,8.3,8.3,8.1,8.4,8.3,8.2,8.4,5.9,8.5,8.3,8.5,8.0,8.4,8.2,14512,19081,24219,11601,3757,1671,665,484,409,1910
0089881,126514,42,11036,51063,26023,82196,27,9844,46250,22502,8724,13,979,4290,3132,555,31166,77884,8.2,8.3,8.4,8.2,8.2,8.2,8.6,8.4,8.2,8.2,8.0,7.8,8.1,7.9,8.2,7.9,8.5,8.1,29225,29966,33038,17320,6750,3341,1623,1135,868,3248
0112641,520985,136,49122,228641,78378,337924,107,43452,205927,67667,35626,23,4238,19803,9385,798,131754,331298,8.2,8.5,8.3,8.2,8.0,8.2,8.6,8.3,8.3,8.0,7.9,7.9,8.1,7.9,7.8,8.0,8.2,8.2,88114,131364,175938,82814,24251,8517,3296,1918,1342,3431
0457430,669873,143,80615,326828,77253,397984,88,57585,255673,63380,107314,44,21123,67237,12601,767,150726,446401,8.2,8.2,8.2,8.2,8.1,8.2,8.4,8.2,8.2,8.1,8.3,7.7,8.2,8.3,8.2,8.0,8.4,8.1,136618,166960,184370,103137,39578,15759,7467,4651,3126,8207
0105695,413164,91,34701,169944,87025,278717,72,31495,156401,76317,24738,16,2547,11680,9316,791,112978,250883,8.2,8.1,8.1,8.2,8.3,8.2,8.3,8.1,8.2,8.3,7.7,7.0,7.7,7.7,7.9,8.2,8.4,8.1,73746,103267,128870,66743,21806,8131,3683,1867,1376,3675
0469494,587281,203,65496,274847,71516,382038,157,57024,242019,61315,47869,32,6752,29647,9003,762,163710,372397,8.2,8.7,8.5,8.2,7.8,8.2,8.8,8.5,8.2,7.8,7.9,7.9,8.2,7.9,7.6,7.8,8.4,8.1,129894,139064,156516,88091,35427,14946,7435,4608,3599,7701
0120382,1079201,546,145660,437349,111035,592323,401,108004,349986,91107,141395,103,32685,80702,17702,850,232288,721122,8.2,8.6,8.4,8.2,7.8,8.2,8.7,8.4,8.2,7.8,8.1,8.4,8.3,8.1,7.8,8.0,8.1,8.2,167782,259074,373586,185347,55675,18809,7401,4032,2626,4869
0167404,991718,265,103915,441294,140569,570648,197,77373,346474,112275,148054,54,24027,88986,25798,880,241248,616519,8.2,8.3,8.2,8.1,8.2,8.2,8.4,8.2,8.1,8.2,8.2,7.7,8.2,8.2,8.5,8.1,8.2,8.1,157058,246603,329308,166066,53871,17916,7450,4099,3144,6203
0268978,932351,208,125753,400200,97826,527275,151,93753,316892,78066,133831,38,28612,77351,17778,834,185329,628373,8.2,8.1,8.4,8.2,7.8,8.2,8.2,8.4,8.2,7.8,8.3,7.5,8.5,8.3,8.1,7.7,8.1,8.2,159406,244000,315090,142373,41896,14125,5732,3182,2234,4313
1130884,1310312,570,206746,527074,100925,716603,417,154186,421475,82663,172152,105,44974,97262,16142,858,241990,930669,8.2,8.7,8.5,8.1,7.6,8.1,8.7,8.5,8.1,7.5,8.2,8.4,8.5,8.2,7.7,7.6,8.0,8.2,236469,355472,417485,191803,62899,21492,9687,5371,3570,6064
0055630,123744,43,11928,52813,21616,80513,33,10471,47871,18772,8513,9,1252,4435,2532,541,34090,73338,8.2,8.2,8.2,8.2,8.2,8.2,8.4,8.2,8.2,8.2,7.9,7.1,7.8,7.9,8.2,7.9,8.4,8.1,23353,30845,37094,17201,5944,2897,1547,839,857,3167
0071853,542495,183,59885,230059,85781,329738,147,48105,191156,72908,61596,30,10549,36408,11539,791,162311,304657,8.2,8.4,8.2,8.1,8.2,8.2,8.4,8.2,8.1,8.2,8.2,8.2,8.1,8.2,8.2,7.9,8.4,8.1,127612,132789,141535,77559,29151,13107,6516,4160,3040,7026
10872600,749969,1493,96127,150920,39629,270437,1097,74502,126332,33322,44791,239,14162,19652,4916,571,192853,556768,8.3,8.6,8.4,8.1,7.9,8.1,8.5,8.3,8.0,7.8,8.4,8.4,8.6,8.3,8.2,7.7,8.5,8.2,264771,161483,153152,90177,36033,14575,6632,4383,3272,15491
0040897,125756,30,9697,47856,31281,81057,24,8371,42572,27007,10246,5,1184,4881,3828,643,42739,65717,8.2,7.9,8.2,8.2,8.3,8.2,8.4,8.3,8.2,8.3,7.9,4.0,7.8,7.8,8.2,8.2,8.4,8.1,24090,28795,37181,19934,7147,3215,1660,868,722,2144
0107290,987297,513,116651,402486,111695,560929,374,92023,333692,92679,109660,99,21322,62746,16927,909,261840,604855,8.2,8.3,8.1,8.2,7.9,8.2,8.4,8.1,8.3,7.9,8.1,7.6,8.0,8.1,8.0,8.0,8.4,8.1,183266,210213,323100,174124,56258,20084,8206,4491,2792,4763
0057115,245527,66,19823,97181,55910,162055,54,17611,87722,48628,17635,9,1875,8476,6442,737,65630,147569,8.2,8.3,8.2,8.1,8.2,8.2,8.4,8.2,8.2,8.2,8.2,6.9,8.1,8.1,8.3,8.1,8.4,8.1,44559,60561,80003,38850,11575,3946,1523,1176,722,2612
0042876,169527,68,19183,72452,26914,106979,51,16165,63321,22784,15426,15,2631,8415,3729,589,45383,103368,8.2,7.9,8.2,8.2,8.2,8.2,8.2,8.2,8.2,8.2,8.1,7.0,8.0,8.0,8.3,7.9,8.3,8.1,36655,39816,45082,25363,9448,4686,2380,1289,1132,3676
0266697,1114398,373,136260,482703,125030,652538,270,105182,397265,105666,131131,75,26724,78460,17008,868,245320,735477,8.2,8.5,8.2,8.2,8.0,8.1,8.6,8.2,8.2,8.0,8.2,8.0,8.3,8.2,7.9,8.0,8.2,8.1,203290,267181,337723,169845,62065,26770,13342,9249,7590,17343
0477348,972080,328,115056,426654,116113,606963,268,97748,369972,98931,85252,42,13722,51124,15048,831,242577,636163,8.2,8.5,8.3,8.1,8.0,8.2,8.6,8.4,8.2,8.0,7.7,7.9,7.9,7.7,7.8,8.0,8.4,8.1,172881,248776,286434,149036,55124,23449,11050,7066,5288,12976
0266543,1042682,570,167738,418685,97062,548857,396,117273,314068,76725,177170,135,45778,98957,18610,830,243045,663895,8.2,8.1,8.3,8.1,8.1,8.1,8.1,8.3,8.1,8.0,8.4,8.0,8.4,8.3,8.4,7.9,8.3,8.1,181535,233319,349022,185363,56775,18213,6802,3664,2551,5438
0084787,426480,184,43654,177145,72741,274014,148,37365,157389,63713,32624,30,5240,17624,7860,815,116285,266613,8.2,8.6,8.2,8.1,8.2,8.2,8.7,8.2,8.1,8.2,7.8,8.1,7.8,7.7,7.9,7.9,8.4,8.1,90000,93101,126730,70537,25367,9627,3941,2250,1463,3464
0080678,242425,65,24156,101395,48397,149864,45,19039,84291,39755,29903,17,4578,15987,7910,697,54450,158422,8.2,8.4,8.3,8.2,8.1,8.2,8.8,8.3,8.2,8.1,8.2,7.5,8.3,8.2,8.3,8.1,8.2,8.1,42925,56356,77594,40576,13380,5288,2197,1122,778,2209
0071315,327839,102,34509,137601,59387,211117,75,29380,120813,50945,28511,23,4393,15219,7503,752,93223,196917,8.2,8.8,8.2,8.1,8.2,8.2,9.0,8.3,8.1,8.2,7.9,8.1,7.9,7.8,8.1,8.1,8.4,8.0,61267,77230,98986,56209,19078,6947,2710,1455,1046,2911
0081398,355262,120,36815,153980,55914,234267,97,32797,140539,49094,21882,18,3176,11821,5940,741,94996,217558,8.2,8.4,8.3,8.1,8.1,8.2,8.5,8.3,8.2,8.1,7.7,8.0,7.8,7.7,7.7,8.0,8.3,8.1,69379,82209,105938,57121,20413,8360,4011,2211,1776,3844
0031381,316588,81,27184,127256,67050,152675,47,15961,80780,48510,77505,29,10643,44973,17516,745,96641,174905,8.2,7.6,8.3,8.1,8.2,8.0,8.2,8.2,8.0,8.1,8.5,6.4,8.5,8.5,8.7,8.0,8.3,8.1,87224,62362,75607,44730,20231,9890,5065,3382,2557,5540
0434409,1121866,300,155700,524427,106045,683865,229,119377,430608,90064,143453,47,32651,87470,14142,857,238014,744684,8.2,8.1,8.3,8.2,7.8,8.2,8.1,8.3,8.2,7.8,8.2,8.3,8.4,8.2,7.7,7.7,8.1,8.2,246030,275392,306049,171439,64491,25092,11139,6752,4712,10770
2096673,713070,640,125556,243360,49745,343576,429,85891,183432,39670,112490,170,35487,55371,8950,719,153103,499383,8.2,7.9,8.3,8.2,7.9,8.2,7.9,8.3,8.1,7.9,8.2,8.0,8.3,8.2,8.0,7.8,8.2,8.1,130505,173171,208256,121597,45525,16319,6587,3532,2268,5310
0120735,583087,86,57923,288375,74833,390079,67,50291,253878,64773,48949,12,6450,31123,8835,766,103150,411618,8.2,8.2,8.2,8.2,7.9,8.2,8.3,8.2,8.2,7.9,8.1,7.5,8.2,8.1,7.8,7.3,8.0,8.2,99138,149220,193878,91342,26948,9523,4007,2279,1943,4809
0046912,176967,71,20088,70835,32957,105934,53,15913,58306,26670,22501,15,3823,11769,5767,706,44890,111580,8.2,8.0,8.3,8.2,8.0,8.2,8.1,8.3,8.2,8.0,8.2,5.7,8.3,8.1,8.2,7.9,8.2,8.2,24292,42516,65933,29384,7909,2869,1128,736,603,1597
1305806,210678,35,22603,104329,28687,131920,26,17547,83793,23666,30077,8,4534,19160,4525,540,26483,165658,8.2,7.7,8.2,8.2,8.1,8.2,8.4,8.2,8.2,8.1,8.2,6.0,8.2,8.2,8.3,7.5,8.2,8.2,37615,55776,66269,31953,10018,3763,1594,943,732,2015
0347149,395908,210,63814,157656,30939,190917,133,39607,113689,24312,75520,60,22040,41567,5986,598,80878,273040,8.2,8.1,8.3,8.1,7.9,8.0,8.1,8.1,8.0,7.8,8.6,7.9,8.7,8.6,8.4,7.6,8.2,8.1,89606,95567,116845,59124,19088,6709,2764,1596,1165,3444
0050212,221817,48,14842,83396,58217,145876,33,13251,75421,50612,15994,12,1334,7141,6752,707,60634,129910,8.2,8.1,8.2,8.1,8.2,8.2,8.5,8.2,8.1,8.2,8.0,6.3,7.8,7.8,8.2,8.1,8.4,8.0,36708,52783,72652,37764,11663,4276,1759,1068,887,2257
5027774,507220,140,76109,177821,56808,269929,104,57283,141451,45212,65933,27,16061,32739,10249,712,104536,391117,8.1,8.1,8.3,8.1,8.0,8.1,8.3,8.3,8.1,8.0,8.2,7.0,8.3,8.1,8.2,7.8,8.1,8.1,67616,138558,173870,82983,24628,8326,3764,2388,1710,3377
0117951,687917,122,81134,312085,89021,410891,85,60537,252311,74468,92185,28,18410,55511,12982,805,125563,476066,8.1,8.4,8.2,8.1,8.0,8.1,8.6,8.2,8.1,8.0,8.1,7.8,8.2,8.1,8.0,7.6,8.0,8.2,118097,171394,220231,109153,36070,13661,6164,3767,2999,6381
1291584,473517,75,72766,227395,38587,322417,64,63762,202233,33333,37228,6,7540,22339,4569,628,90907,328531,8.2,7.9,8.4,8.1,7.8,8.1,8.1,8.4,8.1,7.8,8.2,7.0,8.4,8.2,8.0,7.5,8.3,8.1,90887,120824,145806,75451,23270,7782,3145,1625,1405,3322
0116282,678688,158,70783,280467,113358,416049,127,58688,239659,94081,68927,23,10330,37229,17340,850,190231,407692,8.1,8.1,8.1,8.1,8.3,8.1,8.2,8.1,8.1,8.3,8.0,7.5,7.9,7.9,8.3,8.2,8.4,8.0,109234,166470,216280,113906,38831,14314,6482,3873,2772,6526
1205489,776364,129,90393,370379,98406,509770,101,76688,318168,83134,77462,15,11676,47519,13530,806,177571,512133,8.1,8.1,8.2,8.1,8.1,8.1,8.3,8.2,8.1,8.0,8.2,7.1,8.2,8.1,8.2,8.1,8.1,8.1,115683,199628,258504,132690,40406,13383,5685,3267,2461,4657
1392214,712122,344,116763,275686,58085,404553,268,92488,227673,47864,80661,44,20473,43534,8993,745,132109,523378,8.1,8.8,8.4,8.0,7.8,8.1,8.9,8.4,8.1,7.8,8.0,8.1,8.2,8.0,7.9,7.7,8.2,8.1,99571,183258,261071,118494,30613,9313,3616,1966,1301,2919
0096283,340194,231,56231,132355,27154,166726,147,36411,96752,21520,61420,67,17968,33460,5002,576,67263,237797,8.1,8.1,8.1,8.1,8.2,8.1,8.2,8.1,8.1,8.1,8.4,7.5,8.3,8.4,8.4,7.6,8.2,8.1,72707,76976,101357,55733,18503,6552,2611,1365,1044,3346
0264464,980549,482,139874,379728,89109,523568,363,105340,303722,72093,123993,81,29175,69808,15116,854,206917,679288,8.1,8.4,8.4,8.1,7.7,8.1,8.4,8.4,8.1,7.7,8.1,8.0,8.3,8.1,7.8,7.7,8.1,8.1,135137,231354,376171,171867,43093,12425,4354,2215,1461,2472
0405159,688056,145,77432,321829,88492,419508,111,59626,261552,72814,92212,25,16003,56040,14093,807,142041,464825,8.1,8.1,8.3,8.1,8.0,8.1,8.2,8.3,8.1,8.0,8.1,7.6,8.2,8.0,8.0,7.9,8.1,8.1,104989,164497,229457,116977,38072,14203,6410,3669,2796,6986
0118849,75400,42,10213,30016,7446,40757,26,7930,24357,5723,9705,16,2088,5388,1606,357,12381,54163,8.2,7.8,8.3,8.2,7.9,8.2,8.4,8.3,8.2,7.9,8.4,6.7,8.5,8.4,8.4,7.5,8.1,8.2,18487,17741,20615,10120,3492,1744,978,432,445,1346
0083658,769905,275,76577,299349,137068,474441,221,64328,261191,118589,64115,44,10106,34097,16031,867,186855,490195,8.1,8.3,8.0,8.0,8.5,8.1,8.3,8.1,8.0,8.5,7.8,8.1,7.7,7.7,8.2,8.2,8.2,8.1,181181,173146,194188,117962,52506,22944,10635,6252,4183,6908
0015864,112146,68,13342,45014,20440,70881,46,11353,39066,17236,10695,20,1758,5517,2915,599,25157,72723,8.2,8.0,8.2,8.1,8.2,8.2,8.2,8.2,8.1,8.2,8.1,7.1,8.0,8.1,8.2,8.0,8.2,8.1,22189,24096,34845,17744,6034,2618,1044,732,690,2154
0047296,156090,46,14950,62389,32376,98232,31,12718,54313,27043,14978,13,1971,7493,4862,654,51528,83780,8.1,7.6,8.2,8.1,8.2,8.1,8.2,8.2,8.1,8.2,8.0,6.3,8.0,8.0,8.1,8.0,8.4,8.0,29981,34945,47279,25192,9085,3597,1639,991,745,2636
0112471,309347,116,46457,135431,31831,161676,77,30392,97281,24895,61516,33,14796,36428,6397,624,55232,224406,8.1,8.8,8.4,8.1,7.7,8.1,8.9,8.4,8.1,7.7,8.1,8.5,8.3,8.1,7.8,7.4,8.2,8.1,62664,69294,93642,49170,17426,7125,3293,1894,1620,3219
2024544,701480,160,119457,279269,64321,395862,119,88957,220619,51286,103174,33,27469,54206,11750,743,124009,501589,8.1,8.2,8.3,8.1,7.9,8.1,8.2,8.3,8.1,7.9,8.2,7.9,8.3,8.1,8.1,7.7,8.3,8.1,103187,175980,236911,117501,37331,13005,5423,3233,2472,6437
1201607,874138,548,178938,328609,62894,456221,375,125483,246388,48756,150802,134,48677,77481,12964,791,178933,585417,8.1,8.6,8.4,8.0,7.8,8.0,8.6,8.3,7.9,7.7,8.5,8.5,8.8,8.4,8.4,7.5,8.3,8.1,208313,182274,245225,140820,50752,19493,7947,4669,3459,11186
0052618,240232,55,18089,95650,55038,152033,41,15325,82468,46423,23632,12,2445,12196,7773,722,59737,147368,8.1,7.9,8.2,8.1,8.2,8.1,8.4,8.2,8.1,8.2,8.0,6.2,7.9,7.8,8.1,8.0,8.3,8.1,49412,49712,70530,39751,15242,6661,2804,1721,1367,3032
0050986,108159,49,13234,45619,16959,65596,29,10478,38096,14171,12631,19,2447,7055,2539,528,23117,71768,8.1,8.3,8.3,8.1,8.1,8.1,8.5,8.3,8.1,8.1,8.1,7.5,8.2,8.1,8.1,7.8,8.2,8.1,23146,23670,30314,16303,6390,2924,1291,854,807,2460
2267998,981392,319,167107,370054,81558,518829,216,118821,286491,64761,150443,72,43125,77072,15045,809,189919,699166,8.1,8.4,8.4,8.1,7.7,8.1,8.5,8.4,8.1,7.7,8.1,8.1,8.3,8.0,7.7,7.8,8.1,8.1,128873,254420,342270,164514,50526,17421,7850,4700,3261,7557
0041959,172609,48,15399,67558,38650,108649,32,12994,58454,32918,16366,13,2157,8421,5140,679,47167,101438,8.1,7.8,8.1,8.0,8.3,8.1,8.4,8.1,8.1,8.3,8.0,6.6,7.9,7.9,8.3,8.1,8.3,8.0,37595,37669,46093,27945,11149,4909,2357,1367,899,2626
0017925,92211,49,10040,35870,18857,57831,34,8548,31056,15879,8842,13,1326,4452,2727,590,25758,54077,8.2,7.0,8.1,8.1,8.3,8.2,7.4,8.1,8.1,8.3,8.0,5.6,7.9,8.0,8.2,8.0,8.3,8.1,18855,18840,25829,14681,5709,2930,1223,1043,768,2333
2278388,808740,314,135648,308067,73358,430904,228,97009,237759,58683,123999,64,34636,65035,13073,768,152185,583532,8.1,8.7,8.3,8.0,7.8,8.1,8.7,8.3,8.0,7.8,8.1,8.5,8.3,8.1,7.9,7.7,8.2,8.1,129919,209634,255637,130088,45579,17162,7757,4441,3137,5386
0077416,340488,65,27402,142026,72513,225492,50,24091,127752,62562,25518,12,2759,12713,8812,766,84400,214134,8.1,8.5,8.2,8.0,8.2,8.1,8.5,8.2,8.1,8.2,8.1,8.1,8.1,8.0,8.2,7.9,8.2,8.1,62686,81791,101143,53911,20096,8614,4174,2614,1783,3676
0107207,176199,35,16989,73419,34291,111294,27,14406,62465,28400,18558,6,2241,10036,5311,630,30159,126374,8.1,8.3,8.3,8.1,8.0,8.1,8.8,8.3,8.1,7.9,8.2,5.4,8.3,8.2,8.1,7.7,8.0,8.1,24585,43123,64289,29524,7880,2792,1153,690,694,1469
4729430,152307,179,25258,49255,10133,71229,131,17845,38083,8026,20156,43,6038,9894,1835,398,31973,120290,8.1,8.4,8.3,8.1,7.8,8.0,8.5,8.2,8.0,7.8,8.4,8.0,8.5,8.4,8.1,7.4,8.1,8.1,32046,37952,47424,24062,6574,1952,690,388,287,932
0072684,169195,74,17285,68719,32008,108238,55,14867,60590,27830,13551,16,2030,7270,3639,632,37788,112119,8.1,8.7,8.4,8.1,7.9,8.1,8.8,8.5,8.1,7.9,7.7,8.4,7.9,7.6,7.6,7.7,8.1,8.1,38496,34715,45912,27204,10637,4635,2184,1314,1095,3003
0046268,61847,22,4764,24454,15163,40961,15,4194,22103,13146,4580,6,497,2126,1809,516,14287,39402,8.2,7.5,8.1,8.2,8.2,8.2,8.4,8.2,8.2,8.3,7.8,5.9,7.7,7.7,8.1,8.0,8.3,8.1,11190,13640,17998,9553,3295,1729,745,539,541,2617
2119532,525760,284,89731,167863,45702,286026,223,72728,142888,38707,47656,36,13970,22099,6019,704,107097,392659,8.1,8.3,8.3,8.0,7.9,8.0,8.4,8.3,7.9,7.9,8.3,7.9,8.5,8.1,8.3,7.7,8.2,8.1,100173,132675,163191,83179,26079,9427,4229,2116,1479,3212
0015324,50733,58,7473,20146,7785,31685,42,6256,17500,6472,4938,14,1076,2457,1202,490,13469,32923,8.2,7.7,8.3,8.1,8.2,8.2,8.2,8.3,8.1,8.2,8.2,6.6,8.3,8.1,8.2,7.9,8.4,8.1,9826,10678,15101,7695,2874,1429,609,451,644,1426
0031679,116390,37,9378,45186,27304,70233,27,7692,37676,22151,13974,10,1531,7052,4761,611,48743,49860,8.1,7.9,8.2,8.1,8.2,8.1,8.5,8.2,8.1,8.2,8.2,4.8,8.1,8.1,8.3,8.0,8.3,8.0,22841,26328,33021,18816,6874,3055,1418,948,735,2354
0353969,185355,94,28761,73157,15598,109626,74,24271,64354,13317,14490,15,3597,7805,1958,514,31121,142670,8.1,8.4,8.3,8.1,7.7,8.1,8.6,8.4,8.1,7.7,7.9,7.5,8.1,7.9,7.7,7.6,8.2,8.1,30547,45709,61887,30321,8973,3350,1358,799,611,1800
3011894,199392,52,29211,84838,21285,117026,37,22392,67953,17778,26904,12,6107,15472,3032,467,21287,164362,8.1,7.7,8.3,8.1,7.9,8.1,8.1,8.3,8.1,7.9,8.2,6.4,8.3,8.2,8.1,7.6,8.1,8.1,30676,50147,68849,32989,9298,3203,1355,797,577,1501
0050976,186247,77,23639,78228,28839,115502,55,19284,66775,23963,19701,19,3803,10523,4456,607,43410,122052,8.1,8.0,8.2,8.1,8.1,8.1,8.3,8.2,8.1,8.1,8.1,6.8,8.1,8.1,8.2,7.9,8.3,8.0,44546,40219,47478,27502,11403,5848,2568,1621,1373,3689
1392190,1001188,338,156030,364851,88083,568751,271,127148,307993,75936,94277,43,24294,50392,10160,839,209284,700084,8.1,8.3,8.3,8.1,7.6,8.1,8.4,8.4,8.1,7.7,7.9,7.8,8.1,7.9,7.5,7.9,8.3,8.0,195908,236857,269387,158189,66528,29138,14624,9574,7112,13871
3170832,421609,154,74918,152181,34410,209088,93,50337,113117,26552,73560,47,22157,36292,7153,673,85313,310568,8.1,8.1,8.3,8.0,7.9,8.0,8.2,8.3,8.0,7.9,8.3,7.8,8.4,8.3,8.2,7.6,8.2,8.1,59075,104418,146906,74673,21492,6930,2721,1590,1098,2706
0978762,178063,66,25222,89456,16432,101912,42,17645,66435,12996,34206,19,7110,21990,3173,505,27347,132006,8.1,8.5,8.2,8.1,8.0,8.0,8.7,8.2,8.0,7.9,8.4,7.9,8.4,8.4,8.3,7.5,8.1,8.1,32967,43280,54210,28078,9406,3919,1724,1154,909,2416
0892769,740217,479,128317,305313,58844,399551,345,90319,232198,46501,125666,104,34834,69199,11288,758,153668,496073,8.1,8.2,8.2,8.1,7.9,8.0,8.2,8.1,8.0,7.9,8.4,8.0,8.5,8.4,8.3,7.7,8.1,8.1,136419,167473,239698,132552,39607,12286,4406,2213,1455,4108
0198781,908440,586,150494,348636,86040,476167,420,106020,264696,68667,146584,127,40059,79008,15773,820,216801,575464,8.1,8.2,8.2,8.0,8.0,8.0,8.2,8.2,8.0,8.0,8.3,8.0,8.3,8.2,8.3,7.8,8.2,8.0,143004,189485,325898,170354,49930,15464,5527,2898,1987,3893
0118715,808907,197,92797,357975,107025,507207,160,77012,307986,91610,76798,28,13363,45327,13509,838,208493,509626,8.1,8.1,8.0,8.1,8.1,8.1,8.1,8.1,8.2,8.1,7.8,8.0,7.7,7.8,7.8,7.8,8.3,8.0,176937,175447,216354,132339,54535,22599,10504,6351,4788,9053
0073195,607106,273,64986,242807,105565,367092,210,51861,204308,88808,66428,42,11657,35604,15024,866,178259,351552,8.1,8.2,7.9,8.0,8.4,8.1,8.3,8.0,8.0,8.4,7.7,8.1,7.5,7.6,8.2,8.3,8.5,7.9,113194,114226,183585,118616,43195,16288,6654,3648,2416,5284
0097165,491666,223,66000,185227,68291,253930,137,44606,138725,54234,81215,66,19248,43779,12746,779,117273,322225,8.1,8.4,8.3,8.0,8.0,8.0,8.4,8.2,7.9,8.0,8.3,8.0,8.5,8.2,8.2,7.7,8.1,8.1,90621,111891,160424,81280,26615,9888,4367,2366,1558,2656
0019254,55534,33,6396,20998,9845,32680,21,5317,17983,8010,5670,11,954,2782,1698,452,15701,31741,8.2,8.2,8.2,8.1,8.3,8.2,8.7,8.2,8.1,8.3,8.1,7.3,8.1,8.0,8.3,7.7,8.5,8.0,14496,9809,13053,7788,3451,1981,1063,806,725,2362
0046438,62426,38,7683,23804,10220,37125,24,6373,20560,8398,6099,14,1148,2980,1667,456,14343,40250,8.2,7.4,8.2,8.1,8.2,8.1,7.9,8.3,8.1,8.2,8.1,6.7,8.0,8.0,8.2,7.7,8.3,8.1,15127,12041,16386,9160,3679,1944,927,650,563,1949
0395169,356675,49,36076,180516,48190,228187,36,28286,149673,39403,46729,10,7134,28998,8078,683,85524,229016,8.1,7.6,8.0,8.1,8.0,8.1,7.8,8.0,8.1,8.0,8.3,6.4,8.2,8.3,8.3,7.7,8.1,8.1,51581,86346,126270,61712,16696,5445,2190,1284,1015,4136
1950186,393623,274,57160,122039,39471,208360,222,47443,104740,33116,29119,31,6554,14088,5169,620,97877,295607,8.1,8.1,8.2,8.0,7.9,8.0,8.2,8.2,8.0,7.9,8.1,7.6,8.2,8.0,8.1,7.7,8.1,8.1,58091,99985,144740,65333,16358,4656,1536,815,652,1457
0075148,576659,224,65128,241578,82556,370587,180,57292,217127,71145,40406,27,6268,21411,9982,838,146788,361730,8.1,8.3,8.1,8.1,8.0,8.1,8.3,8.1,8.1,8.0,7.7,8.2,7.8,7.6,7.8,7.9,8.3,8.0,105973,117395,190926,105095,32754,11527,4400,2576,1781,4232
0091763,415497,74,33893,178105,83301,279882,58,30470,162336,72482,27609,13,2756,13883,9552,795,109523,253852,8.1,8.2,8.0,8.1,8.1,8.1,8.2,8.0,8.1,8.1,7.8,8.2,7.8,7.7,8.0,7.9,8.2,8.0,59273,96771,146972,72407,22288,7972,3259,1935,1399,3221
1895587,470693,93,76170,178532,45918,258416,64,57576,141352,36557,65076,23,16371,33962,8312,723,100413,343067,8.1,7.8,8.2,8.0,8.0,8.0,8.1,8.2,8.0,8.0,8.1,6.6,8.2,8.1,8.3,7.8,8.3,8.0,57489,116085,172443,86239,23701,7467,2555,1311,960,2443
0088247,864965,309,88617,376461,126393,552292,251,76869,330977,108144,71018,43,9863,40634,16062,895,206434,546828,8.1,8.1,7.9,8.0,8.3,8.1,8.1,7.9,8.1,8.3,7.7,7.6,7.6,7.7,8.1,8.2,8.2,8.0,126485,174132,307993,170844,51726,16973,6538,3421,2275,4578
0092005,405107,140,41524,168092,72546,233958,98,30863,132347,57958,60540,31,9736,33759,13460,791,125263,231528,8.1,8.3,8.1,8.0,8.1,8.0,8.2,8.1,8.0,8.1,8.2,8.3,8.2,8.2,8.3,7.8,8.3,8.0,73937,87560,134094,72421,22094,7443,2670,1362,1008,2518
3315342,762577,395,123234,247988,58820,415925,332,102156,211514,50465,63736,35,17103,31907,7054,792,176194,544730,8.1,8.5,8.4,7.9,7.7,8.0,8.5,8.4,8.0,7.7,7.9,8.3,8.2,7.8,7.7,7.7,8.3,8.0,154090,183506,220831,125313,44830,15673,6783,3596,2517,5438
0382932,736325,541,115746,310827,67069,396445,386,79961,236594,53986,122480,111,31862,70105,11915,792,173328,494418,8.1,8.5,8.2,8.0,7.9,8.0,8.6,8.2,8.0,7.9,8.1,8.3,8.2,8.1,8.0,7.8,8.1,8.0,129179,153590,240973,136243,45282,14690,5484,2862,1996,6026
1979320,480812,100,76456,205864,46603,309388,79,65196,178332,40074,43581,12,9588,24562,5593,668,73077,359388,8.1,8.0,8.3,8.1,7.8,8.1,8.0,8.3,8.1,7.8,8.0,7.8,8.2,8.0,7.9,7.5,8.0,8.1,68409,117833,171786,86755,22489,6619,2394,1202,932,2393
0048473,33527,25,4674,12502,5253,20960,19,4188,11300,4258,2537,6,407,1086,938,320,8131,22822,8.3,8.2,8.4,8.2,8.2,8.2,9.2,8.4,8.2,8.2,8.1,4.2,7.8,8.2,8.2,7.4,8.3,8.2,12575,6788,6095,3211,1510,784,368,287,266,1643
0074958,160566,47,14791,69779,33054,106934,35,12861,62092,27724,13896,11,1658,6927,4788,665,51476,91302,8.1,8.4,8.2,8.1,8.0,8.1,8.8,8.2,8.1,8.0,7.9,7.0,8.0,7.8,8.0,7.7,8.3,8.0,30166,34122,47227,28074,10605,4453,1799,1011,728,2381
0758758,624130,86,89123,300290,58768,374461,61,64740,239490,48087,94939,17,22277,57043,9583,713,112562,443607,8.1,7.9,8.2,8.1,7.8,8.1,8.3,8.2,8.1,7.7,8.1,6.5,8.2,8.1,7.9,7.4,7.9,8.1,123363,148530,177121,101178,37200,15091,6913,4218,3191,7325
0032138,401111,159,44991,162544,71624,214348,111,30178,117405,55321,77064,40,13876,43264,15257,808,156795,186576,8.1,8.0,7.9,8.0,8.4,8.0,8.0,7.9,7.9,8.3,8.2,7.6,7.9,8.2,8.7,8.1,8.4,7.8,91338,71108,107507,72177,30038,12732,5393,3178,2304,5336
0381681,265356,83,36979,123299,29406,143709,54,24635,88998,22839,53217,25,11407,32776,6086,588,48083,193163,8.1,8.7,8.3,8.1,7.7,8.1,8.8,8.3,8.1,7.7,8.0,8.4,8.1,8.0,7.8,7.3,8.2,8.0,51953,56088,80180,43951,15980,6445,2972,1905,1638,4244
0107048,632087,176,65110,277253,102906,386020,138,51075,227858,85543,79110,30,12733,46085,15655,852,167988,388659,8.1,8.3,7.9,8.1,8.2,8.1,8.3,8.0,8.1,8.2,7.7,8.1,7.5,7.7,7.9,8.0,8.2,8.0,100149,128396,207749,126204,41028,14071,5559,3032,1948,3951
0070047,409574,143,42300,182635,67599,249995,99,32520,148998,56266,53274,35,8682,31446,10286,804,113195,249374,8.1,7.8,7.9,8.0,8.2,8.1,8.0,8.0,8.0,8.2,7.8,7.3,7.6,7.8,8.2,8.0,8.3,8.0,78110,80558,122666,71968,28879,11886,5387,3146,2187,4787
0036868,65277,13,4395,23013,19070,38849,8,3647,19003,14842,8791,5,685,3805,3981,529,25455,29864,8.1,6.9,8.1,8.0,8.3,8.1,7.9,8.1,8.0,8.3,8.3,5.6,8.0,8.1,8.6,7.9,8.5,7.9,14247,12398,18084,10640,4110,2097,837,563,478,1823
0317705,737464,499,115351,300483,77783,413104,373,83777,238312,64160,105769,98,27884,58267,12301,822,198086,466121,8.0,8.3,8.2,7.9,8.1,8.0,8.3,8.2,7.9,8.1,7.9,7.9,8.1,7.8,8.0,7.9,8.4,7.9,124854,149040,242261,138351,49064,16603,6212,3132,1942,6005
0035446,38014,28,3529,13922,10313,24022,17,2874,11710,8505,4454,11,590,2036,1666,487,11013,23966,8.2,7.0,8.2,8.2,8.1,8.2,7.7,8.2,8.2,8.1,8.1,5.6,8.2,8.1,8.1,7.9,8.1,8.2,7672,8657,10969,5480,1991,985,454,444,268,1094
0058946,60821,21,6042,26493,12553,41174,12,5161,23687,10735,5158,9,778,2546,1636,488,17379,37251,8.1,7.4,8.1,8.1,8.1,8.1,7.8,8.1,8.1,8.1,8.0,6.3,7.9,7.9,8.1,7.7,8.3,8.1,12798,12931,16547,8910,3452,1747,727,524,451,2734
1028532,286165,120,53194,111922,24103,150230,75,35919,84318,18320,51908,34,16005,26054,5365,568,35133,218440,8.1,8.0,8.3,8.0,7.7,8.0,8.0,8.2,8.0,7.6,8.4,7.9,8.5,8.3,8.2,7.4,8.0,8.1,73168,59057,77828,45357,16647,6392,2545,1548,1153,2470
0113247,175010,76,23041,77670,20106,108634,55,18677,66855,17315,16780,15,3675,9769,2453,518,21971,135600,8.1,8.6,8.3,8.0,7.7,8.0,9.0,8.3,8.0,7.7,8.1,7.5,8.2,8.0,7.9,7.2,8.2,8.1,31447,42165,54981,27647,8767,3585,1646,994,795,2983
0325980,1126245,476,169527,484563,109689,634474,350,125754,377965,87830,171363,83,39632,100635,19953,885,253002,718250,8.1,8.3,8.2,8.0,7.7,8.0,8.4,8.2,8.0,7.7,8.2,8.1,8.4,8.2,8.1,7.7,8.1,8.0,210147,233566,377264,192488,62069,22850,9293,5314,3586,9668
15097216,201981,197,15610,16498,1652,38417,182,14545,15463,1483,1722,14,612,685,131,106,18979,182840,8.8,8.0,8.8,8.1,6.7,8.3,9.2,8.8,8.1,6.7,7.6,2.5,8.1,7.6,6.1,5.1,8.7,8.9,163454,13885,6986,2914,1160,777,433,396,699,11277
0032551,94004,22,7354,35570,24870,58652,14,6145,30049,20255,11095,8,1114,5173,4318,599,34200,45852,8.1,7.0,8.0,8.0,8.3,8.1,7.5,8.0,8.0,8.3,8.0,6.6,7.7,7.8,8.3,8.1,8.2,8.0,17277,18730,28079,15781,6175,3143,1377,875,633,1934
0032976,138147,53,12354,54029,30889,75268,34,8856,40453,22909,24905,17,3279,12980,7499,644,37177,82492,8.1,7.9,8.1,8.0,8.2,8.0,8.7,8.0,8.0,8.1,8.3,6.1,8.1,8.2,8.5,8.0,8.2,8.0,24743,29866,42803,23652,8498,3513,1350,883,698,2141
0245712,241493,40,20463,125266,35142,152627,25,15927,100922,29182,33745,11,4047,22805,5368,563,40743,172400,8.1,8.3,8.1,8.1,8.0,8.1,8.6,8.1,8.1,8.0,8.1,7.3,8.1,8.1,8.0,7.5,8.1,8.0,35760,59302,81326,39302,12490,4912,2076,1304,1326,3695
0476735,87253,29,13039,36808,6397,48656,22,9960,29845,5163,11326,6,2826,6464,1137,245,6677,67711,8.2,7.5,8.4,8.2,7.5,8.1,8.3,8.3,8.1,7.5,8.5,4.9,8.6,8.4,7.7,6.5,7.4,8.2,31637,17821,17285,9479,3854,2043,1277,626,740,2491
0061512,178328,44,12632,70891,44259,116369,32,10989,62534,37870,15521,10,1446,7664,5758,674,69325,85997,8.1,8.4,8.1,8.0,8.1,8.1,8.7,8.1,8.0,8.1,8.0,7.5,7.9,7.9,8.1,8.0,8.3,7.9,30825,40523,56913,30815,10279,3946,1536,894,804,1793
0053198,118927,51,15328,49273,18829,71877,30,11998,41016,15744,14129,16,2982,7675,2806,551,28884,76151,8.1,8.3,8.2,8.0,8.0,8.1,8.3,8.2,8.0,8.0,8.1,8.3,8.1,8.1,8.1,7.7,8.2,8.0,23643,24710,34743,19505,7153,3132,1412,861,892,2876
4016934,148524,76,24957,52976,13335,76449,41,17643,41704,10940,20990,29,6465,10356,2115,482,26615,117799,8.1,8.5,8.3,8.0,7.7,8.0,8.7,8.3,8.0,7.7,8.1,7.8,8.4,8.1,7.8,7.4,8.2,8.0,23359,36637,49258,24148,7598,2917,1331,976,690,1610
0060827,119758,76,18492,48230,15141,68508,48,13961,38813,12261,16443,25,4064,8844,2676,521,25002,82841,8.1,8.3,8.3,8.0,7.8,8.0,8.6,8.3,8.0,7.8,8.1,7.9,8.3,8.1,7.9,7.4,8.2,8.0,29259,24461,30061,17310,7995,3828,1856,1313,996,2679
0025316,104853,42,10364,40195,22840,57611,27,7497,30343,17439,18077,13,2692,9434,5088,604,36184,54341,8.1,7.6,8.1,8.0,8.1,8.0,8.2,8.1,8.0,8.1,8.2,5.8,8.2,8.2,8.4,8.0,8.3,8.0,19907,21656,31828,17713,6265,2758,1163,720,658,2185
0059742,235741,103,25662,88361,45636,103109,66,12947,52044,32462,63574,30,11886,35074,12330,690,83203,125849,8.1,7.9,8.1,8.0,8.2,7.9,7.8,7.9,7.8,8.0,8.4,7.7,8.3,8.4,8.7,7.5,8.3,7.9,60417,44046,63136,36482,15368,6882,3108,1956,1449,2897
0079470,400927,116,43493,167038,69841,250395,89,35677,140910,60117,41746,20,6897,24139,8583,752,75190,275478,8.0,8.0,8.0,8.0,8.2,8.0,8.2,8.0,8.0,8.2,8.0,7.5,7.9,8.0,8.1,7.8,7.8,8.1,74533,90153,118534,68384,25474,10293,4462,2499,1951,4644
6710474,251870,281,34855,70079,20124,113572,212,26990,58032,16714,21758,53,6078,10335,2825,368,76630,175011,8.1,8.7,8.4,8.0,7.4,8.0,8.9,8.4,7.9,7.4,8.1,7.4,8.4,8.1,7.6,7.3,8.5,7.9,69252,59379,54388,31198,14737,7409,4086,3038,2450,5933
0071411,30298,13,2237,12496,7680,20737,6,1992,11323,6673,2232,7,208,1045,912,349,5720,21919,8.2,6.9,8.2,8.2,8.3,8.2,8.0,8.2,8.2,8.2,8.3,5.9,8.3,8.2,8.5,7.8,8.1,8.2,7206,7090,8249,4163,1438,635,277,157,155,928
0103639,420990,271,59749,185988,36611,214457,174,38466,133716,28631,81765,75,19408,49551,7341,769,123017,256281,8.0,7.9,8.0,8.1,7.7,8.0,8.0,7.9,8.0,7.7,8.2,7.7,8.1,8.3,8.0,7.7,8.2,7.9,73013,78663,145361,81423,26347,8769,3198,1504,914,1798
0129167,199513,114,31204,82164,24844,121207,84,24886,68405,21114,23020,25,5609,12831,3331,636,64408,114999,8.1,8.1,8.3,7.9,7.9,8.0,8.2,8.3,7.9,7.9,8.0,7.7,8.2,8.0,7.9,7.5,8.2,8.0,39356,39965,64462,34749,11818,4346,1654,886,630,1647
1454029,460314,97,69100,204750,55980,210921,54,34461,125393,37565,137271,38,32941,76233,17329,688,114306,292325,8.1,7.5,8.2,8.0,8.0,7.9,8.0,8.0,7.9,7.9,8.4,7.0,8.5,8.4,8.4,7.4,8.1,8.0,78811,105783,155708,78148,23300,8149,3311,1777,1334,3993
0083987,232637,34,23719,98168,47120,150492,25,19791,84251,39124,25142,9,3604,12917,7280,685,55646,143640,8.1,7.7,8.0,8.0,8.1,8.1,8.3,8.0,8.1,8.1,8.0,6.9,7.8,7.9,8.2,7.8,8.1,8.0,39730,49506,75652,40586,13527,5360,2126,1273,1004,3873
